label,x,y,z,dtseries_row_i,left_hemi,first_rdm_corr,replication_rdm_corr,y_third
1.0,-32.73461839502508,-41.08666830929843,-20.30664204684171,21085.336363636365,1.0,0.1805055036998449,0.0489966248401162,2.0
2.0,-30.28658700758411,-33.91277699096961,-16.71576389848911,22165.608294930877,1.0,0.1086684368516808,-0.044868451710962605,2.0
3.0,-34.12867860794067,-62.14497028986613,-16.090805570284527,21798.908333333333,1.0,0.0875111190913011,0.0844953615373399,1.0
4.0,-25.319567485629577,-54.51066399619217,-7.594505702013745,18346.413612565444,1.0,0.1132610965969686,0.1355317520421184,1.0
5.0,-21.47225298437961,-74.59694556302803,-9.155923652094463,22731.587209302324,1.0,0.2130238545150431,0.25805855532862,1.0
6.0,-31.464270639419556,-82.37804177602132,-13.556844782829284,22321.058333333334,1.0,0.2624448776159016,0.253331740201031,1.0
7.0,-16.59283526939682,-38.27867087834998,-10.155348578585855,13097.696202531646,1.0,-0.0398185310650219,0.0039346784375364,2.0
8.0,-41.80013783772787,-72.32459601040544,-7.180915623756083,21971.75287356322,1.0,0.3588637526486333,0.37452736437614226,1.0
9.0,-14.211360287120325,-87.96177719931566,-11.713570099750548,22553.36641221374,1.0,0.3540987417102043,0.4447573266622859,1.0
10.0,-13.47963432767498,-61.7183943791176,-4.064073945548552,17809.253731343284,1.0,0.0900055891967948,0.1570718321463693,1.0
11.0,-6.828082340413874,-75.24603646018288,-2.572083284028552,22901.48181818182,1.0,0.3330367840328434,0.2437100609034252,1.0
12.0,-23.732630749338682,-95.28449013306923,-8.43833597319335,22060.201030927834,1.0,0.3966657837777864,0.37377472783800453,1.0
13.0,-12.310237315393262,-42.25830231943438,-3.6777985451382493,425.85483870967744,1.0,-0.0114271966434524,0.077708697257691,2.0
14.0,-36.81896529158926,-86.63277410491695,-1.6429569681491647,20521.62601626016,1.0,0.4300695040585863,0.2668651516858524,1.0
15.0,-10.148093786968547,-96.24950282588885,-3.934675731583481,22326.56687898089,1.0,0.5558192066478906,0.5742008404211953,1.0
16.0,-15.230060776074728,-52.36098626454671,-0.4576025393791497,5988.008333333333,1.0,0.1060678442953506,0.0925263082355207,1.0
17.0,-43.733691721655134,-73.62917920331049,5.367286203377073,15269.59217877095,1.0,0.2524913078602196,0.126542951637134,1.0
18.0,-5.932428089471964,-87.38681641603128,1.1100365752593064,23225.333333333332,1.0,0.3875688915639249,0.3589908349579143,1.0
19.0,-24.04925467870007,-93.98310486257893,6.254873672168549,19539.479452054795,1.0,0.4821358266065939,0.4990246599624709,1.0
20.0,-11.156234890581613,-48.426432598068054,3.6690265821764267,2277.253012048193,1.0,0.0931372896515273,0.0517157598936156,1.0
21.0,-8.96290671825409,-75.91505430410574,8.732962735064396,23619.513513513513,1.0,0.3196269385390352,0.1888640080013821,1.0
22.0,-19.821517792615023,-63.31787425821478,5.876449674706567,21373.289772727272,1.0,0.1728995391949035,0.1345591700871645,1.0
23.0,-36.86537127108187,-82.94568036053631,13.789619448378279,13706.87027027027,1.0,0.3371472738616771,0.2657908427129212,1.0
24.0,-12.63660347526138,-95.39241749531514,14.94545874724517,21111.762162162162,1.0,0.467871622927816,0.43102608920592594,1.0
25.0,-4.178200954046005,-85.6025179838523,22.092408400315506,23224.891025641027,1.0,0.2639829227674586,0.1080376371539031,1.0
26.0,-12.507377116303696,-71.39926026996814,20.256712010032253,24000.91447368421,1.0,0.23958922130885002,0.1806242110589035,1.0
27.0,-25.456125058002353,-83.4801508269695,20.355037914299817,12296.012422360249,1.0,0.3889774600524166,0.283066003115404,1.0
28.0,-31.18561062180852,-81.0892402924687,26.675887946622918,12699.506024096385,1.0,0.2916870649547575,0.138304947644238,1.0
29.0,-15.234247333598587,-86.3382940712215,31.74432304670226,10811.295597484277,1.0,0.3560958899117369,0.2092092462346348,1.0
30.0,-13.45808150551536,-77.36097828258167,34.41100359829989,13501.781818181818,1.0,0.2576154885561244,0.09557486317933,1.0
31.0,-19.639435635672676,-73.99949439366658,43.49440234237247,10527.618055555555,1.0,0.5147803089733799,0.4720441173744262,1.0
32.0,-49.03084476177509,-11.972914416056414,1.3554784879832358,28575.491124260356,1.0,0.0641436441870221,0.1717106993960873,2.0
33.0,-54.00358712288641,-23.15693170409049,7.468659780679211,20093.189516129034,1.0,0.1449492789370339,0.1899213422178245,2.0
34.0,-36.05682226197909,-22.91511911206541,7.976709738241888,21688.150442477876,1.0,0.0752209140674362,0.1073423224745095,2.0
35.0,-38.26655792236328,-7.800299957344929,12.75721817917294,10201.648888888889,1.0,0.15858597580643383,0.17301300889136903,2.0
36.0,-35.274307401252514,-26.259848762281013,18.065500444354434,12919.315151515151,1.0,-0.0314381843796422,0.0372466741941993,2.0
37.0,-56.003763762997906,-38.444517390828736,16.7714777462919,7924.070422535211,1.0,0.0439320082569945,0.2212913694564406,2.0
38.0,-40.8947062673448,-35.254600416255904,14.738158141510397,8852.924050632912,1.0,0.1197895241511116,0.21575903996551232,2.0
39.0,-46.76311216856304,-15.366519488786397,16.358583801671077,16130.098684210527,1.0,-0.0414653244511279,0.1680154051648225,2.0
40.0,-58.678254071403956,-4.534862143327208,12.254892638150384,16923.758823529413,1.0,0.0364637114643683,0.1766055564832671,2.0
41.0,-47.61252958433969,-25.465774723461696,18.978941321372986,15338.607142857143,1.0,0.1252887871303381,0.1424229291762714,2.0
42.0,-57.525221583354906,-19.45638812880918,20.359052267419287,15723.168674698794,1.0,0.0963762773625336,0.1828791760620187,2.0
43.0,-57.20575320415008,-4.450994098654542,22.97329524235848,16531.358974358973,1.0,0.0023564205956334,0.22154458832124482,3.0
44.0,-60.92603968060206,-12.060912109556652,29.776022608318026,16064.214285714286,1.0,0.0523804174819164,0.1814655719760435,2.0
45.0,-50.73806768948914,-10.372338291074408,28.63089581786609,16325.672131147541,1.0,0.0246490162120179,0.1319283475280031,2.0
46.0,-53.34997084793771,-21.44159431821981,38.691969610323575,13605.573248407643,1.0,0.0447882303218432,0.2756278295303865,2.0
47.0,-48.24751021106791,-8.804261429709678,41.07851983301388,11659.217391304348,1.0,0.2236516201084277,0.3252129696785882,2.0
48.0,-46.59952385969988,-16.806013580382338,38.227507718904754,10228.842519685038,1.0,-0.0016946737521276,0.1406403604412805,2.0
49.0,-8.841333629219395,-14.646942964784659,45.64355539212561,2681.56050955414,1.0,0.21781761873168398,0.1539647180727455,2.0
50.0,-38.9128800034523,-15.298571813851595,46.157748609781265,5302.6640625,1.0,0.0652650025981807,0.2362198638316617,2.0
51.0,-46.684391375950405,-19.89622849055699,52.08233893258231,6272.1,1.0,0.0709607378979364,0.1302537207217299,2.0
52.0,-44.51837741806213,-30.405899458197485,53.219455946964096,5937.474103585658,1.0,0.0692151226873079,0.1589506497457757,2.0
53.0,-37.03227366758197,-25.498946757798784,49.52913700060898,6271.91011235955,1.0,0.0452672180469763,0.1049619910933044,2.0
54.0,-9.570258670978331,-37.15860581130124,53.07366467593761,2367.6516853932585,1.0,0.1597505836807775,0.1663006572322813,2.0
55.0,-4.786029439611533,-22.49151052887907,54.25706206646162,2784.618556701031,1.0,0.1644781578469696,-0.028784921625618205,2.0
56.0,-4.765091714651688,-8.105076038967008,58.968775168709136,3065.4239130434785,1.0,0.1587475028347765,0.12295178625460049,2.0
57.0,-33.5600575085344,-19.375391707338135,60.05587431480144,3871.2112068965516,1.0,0.1836460725714289,0.1291061376678718,2.0
58.0,-30.147181963920595,-44.97997579574585,59.05958757400513,9743.84375,1.0,0.1277618546657289,0.1625258370665935,1.0
59.0,-32.09830665588379,-30.2887069952749,59.15541831246258,5605.759124087591,1.0,0.0662385648405479,0.1438914583144614,2.0
60.0,-29.56986607245679,-37.247272011618946,61.28897951234062,5488.408805031447,1.0,0.1273666075427874,0.1467807175059591,2.0
61.0,-25.078929687948786,-11.532930292802698,60.14570442648495,4287.117647058823,1.0,0.1329316432509561,0.3230232279656025,2.0
62.0,-20.464066463968027,-25.648709255716074,62.38749653360118,3871.782608695652,1.0,0.18484201713796491,0.1035157255609034,2.0
63.0,-9.384295827150344,-41.26798892974853,68.16227460861207,2173.485,1.0,0.1457977334294265,0.1981541808426202,2.0
64.0,-5.329205353108663,-25.247664481874498,66.81985752166264,2922.1428571428573,1.0,0.2418863343947855,0.1776449101272671,2.0
65.0,-16.534482023792883,-12.342681844772832,68.56770816926033,4485.0451612903225,1.0,0.1739456663347683,0.2151892934854928,2.0
66.0,-17.779206960973607,-32.12294272301902,65.15591522001884,3875.0774647887324,1.0,0.1870100326148939,0.12166663661968061,2.0
67.0,-19.0278395526814,-38.18411938649304,67.93895992542963,5287.729559748428,1.0,0.1663668383493527,0.1718851930086281,2.0
68.0,-12.506646578652518,-26.557658113752094,69.64952487037296,4139.342857142857,1.0,0.1181391413504912,0.1555134067009971,2.0
69.0,-44.37719449743761,-40.54401161396398,-20.071457727820473,20775.513274336285,1.0,0.1263544276726348,0.1690195110945145,2.0
70.0,-45.79874087279698,-55.38470318632306,-12.962244751318446,21236.04716981132,1.0,0.1997758327343824,0.240318088406623,1.0
71.0,-50.99951467911402,-62.010378102461495,-0.8487083996975949,16941.713541666668,1.0,0.2576068483917011,0.1669812205591723,1.0
72.0,-46.06763975562119,-66.48529566322885,13.456223994929616,14000.219512195123,1.0,0.2579939649524155,0.1542363744111389,1.0
73.0,-25.606995735168457,-69.79974617004395,31.66543487548828,12296.86,1.0,0.1658765391250219,0.1028046786500783,1.0
74.0,-52.438215017318726,-31.329268127679825,39.85551518201828,12629.84375,1.0,0.186358483411144,0.3077394896832194,2.0
75.0,-24.070958200162345,-63.554311459952025,46.88802045279176,12667.058394160584,1.0,0.3630928971182953,0.243263996911951,1.0
76.0,-43.562952061289366,-30.830706016304568,40.4499964369941,5837.81443298969,1.0,0.041293618306967005,0.0359232936918664,2.0
77.0,-35.041121126131245,-45.91206086136913,42.08990059190124,10270.587786259543,1.0,0.2094769664580904,0.2821697840356128,1.0
78.0,-28.434602583961926,-56.063952961187255,47.643186591137415,12717.206896551725,1.0,0.3150595363086436,0.3091845253234671,1.0
79.0,-36.98362253480038,-38.68462186479299,46.101582737292276,5422.338983050848,1.0,0.22583260187300383,0.1939065112644609,2.0
80.0,-32.96956242620945,-50.02120923995972,52.531039863824844,12496.9453125,1.0,0.1749470516380016,0.2654369034599398,1.0
81.0,-16.094405079387247,-64.76862057590984,56.642521164180096,10724.769633507853,1.0,0.503756797064498,0.5346567366312566,1.0
82.0,-25.820832560833235,-57.55431770382071,57.99043351367004,12832.406015037594,1.0,0.3448581066436221,0.4926364173486926,1.0
83.0,-10.717259125743839,-55.837228788746344,61.55258637023487,10785.107913669064,1.0,0.2952136553478591,0.4803607082127824,1.0
84.0,-22.126328370342517,-52.06789116010274,63.27869867298701,11717.013698630137,1.0,0.1780080364292477,0.2764203928455169,1.0
85.0,-14.83036383715543,-48.85753319480202,68.3346561085094,7817.125,1.0,0.20829364278564452,0.3250975146088153,1.0
86.0,-39.32486295700073,-3.283473704367255,50.27928066253662,7684.966666666666,1.0,0.2386500452667835,0.4591607438083813,3.0
87.0,-26.313644737005234,1.1272247276210692,53.63910073041916,12067.078125,1.0,0.3869545949814693,0.4232813590847656,3.0
88.0,-30.18294899373115,-6.579578655052789,50.35210983662666,4192.4177215189875,1.0,0.2623178195870223,0.44464922442037075,2.0
89.0,-20.372753634036165,4.629500205081535,60.099427602823496,7125.461165048544,1.0,0.3685066667809107,0.388979627399411,3.0
90.0,-47.651377567492034,6.388397151545474,24.635327324114346,17704.610526315788,1.0,0.2757652196809823,0.21516388977973744,3.0
91.0,-46.826533045087544,1.421701456845871,36.91559997286115,19180.985714285714,1.0,0.3196098671380893,0.283719126013331,3.0
92.0,-51.33867551569353,-34.22323929636102,23.191821650454873,13011.760233918129,1.0,0.2610934231357686,0.1693526335170563,2.0
93.0,-55.035568264748555,-43.04107117138321,28.014956055785255,8421.856115107914,1.0,0.3083161025391143,0.3070938867921912,1.0
94.0,-58.84767981136547,-23.600552964054682,29.21115000107709,15733.385620915033,1.0,0.277851186320355,0.3150632154468215,2.0
95.0,-58.97044186714368,-34.84696442041642,33.02250721923306,15258.401709401709,1.0,0.3432941146127401,0.3481072990100104,2.0
96.0,-52.94452659529869,-53.06983074997411,8.49393432128309,9435.934343434343,1.0,0.154308424615213,0.2367214764786342,1.0
97.0,-44.451169403506,3.4870091524158773,-15.353719902710177,22744.49295774648,1.0,-0.1042677912347578,0.0210620715766281,3.0
98.0,-38.22045287790225,1.5535609671095199,-8.528540746186131,9018.798449612403,1.0,0.202446800938527,0.0742362197506118,3.0
99.0,-32.94602487287449,25.380390968031556,-1.2995832543393582,9433.526717557252,1.0,0.03644015366255,0.2725109150104954,3.0
100.0,-40.26934956395349,-13.253551377806552,-3.8064352822338425,16134.133720930233,1.0,0.031617811982133,0.1545957499077179,2.0
101.0,-33.130184382037385,19.543502703390487,7.724063771995691,9414.814207650274,1.0,0.1466738648259511,0.2287543546347244,3.0
102.0,-36.11703754672044,5.285287767380691,9.725839441628764,9285.661870503596,1.0,0.2892696371816069,0.23123525448461557,3.0
103.0,-44.46857087690751,13.582502731910118,2.961271300707217,13955.087912087913,1.0,0.1497009481095318,0.1832326240427763,3.0
104.0,-49.9718660936288,-0.5513795387818881,6.400946784896631,17034.40425531915,1.0,0.1760034608858165,0.0770751981328149,3.0
105.0,-50.841935140644004,10.50777965534233,11.964967693754298,17246.389221556885,1.0,0.2357735938239823,0.2440198334994317,3.0
106.0,-29.237211151985125,42.261784246412375,26.02428173345361,26869.084745762713,1.0,0.1234922210804971,0.2365993809565088,3.0
107.0,-6.957288001900289,18.684171830836814,33.02235870930686,1433.1990049751244,1.0,0.1667358996415154,0.11685534764866208,3.0
108.0,-6.869534356336968,-1.5094094279623937,41.58096850152109,1143.985294117647,1.0,0.263064159018811,0.1057171195025667,3.0
109.0,-11.471965986628865,-26.81843673351199,40.54293661339339,2353.889534883721,1.0,0.19235495569219313,0.1836162590042201,2.0
110.0,-6.720446414069126,6.79918379248365,48.755556332437614,1651.467105263158,1.0,0.398303162677079,0.2176466298274804,3.0
111.0,-11.699139486792628,-41.015386242076666,47.465820289096946,2090.8282208588957,1.0,0.1848610808999942,0.2723495012544066,2.0
112.0,-7.714154945373535,-49.325625610351565,58.25152008056641,6333.76,1.0,0.2223625019531595,0.2463052514508649,1.0
113.0,-9.721321614283436,-4.888469714741662,68.35412295359485,3618.7264150943397,1.0,0.1649135460877837,0.2747569940080497,2.0
114.0,-11.903976675063845,22.739576839265368,-20.619051181450093,19225.015873015873,1.0,0.026479608921278,-0.0042313876901403,3.0
115.0,-22.030887508919225,22.46032006964499,-18.675293780163507,18799.45856353591,1.0,0.315152470210931,0.1628903028247868,3.0
116.0,-10.386122710205788,46.60226739395497,-21.24651800643566,19188.86976744186,1.0,0.0370793899306543,0.0191462961162894,3.0
117.0,-4.212870687246323,19.971434783935546,-20.245707714557646,19376.1,1.0,-0.05292273160561041,-0.0598440472510238,3.0
118.0,-16.334459785314706,62.44518348498222,-5.8432562584296255,21950.389743589745,1.0,0.0159581961886268,0.1888085774787521,3.0
119.0,-37.99605732099384,-4.753250674258733,-40.66523428842531,20390.41134751773,1.0,-0.0137399987922476,0.0763036146056662,2.0
120.0,-25.370468422918037,3.4603367672108187,-37.706664340330825,21502.029702970296,1.0,0.0137542173583914,0.0841525504899765,3.0
121.0,-27.360640436808268,-10.954872461954752,-31.59420799255371,22240.42,1.0,0.0693652046294217,0.0510544946183415,2.0
122.0,-52.47399893574331,-21.059603965145417,-29.45000783328352,20332.431034482757,1.0,0.0516773783973532,0.1655728170596918,2.0
123.0,-40.91625760052655,-20.767134460243017,-25.051634943163073,20805.54054054054,1.0,0.1052606389478019,0.0435953414644815,2.0
124.0,-42.73535854884556,10.764106577209064,-33.561590063912526,24583.88,1.0,0.1390894436870236,0.0502943339451089,3.0
125.0,-32.99085124438962,10.537771601550627,-27.966362605821217,22303.19867549669,1.0,0.0756893997148831,0.0611269896244204,3.0
126.0,-21.93146942138672,-23.632730960845947,-23.58434027671814,24408.29,1.0,0.1197607072197973,-0.10104309340160582,2.0
127.0,-29.186650316765967,-69.31881259350067,39.86886012300532,12194.106382978724,1.0,0.1241169584663034,0.1740122282593517,1.0
128.0,-56.44568171399705,-41.219443463264625,41.1858113065679,13597.031914893618,1.0,0.24410135695261054,0.2679518271286055,2.0
129.0,-50.97231885790825,-49.3341808617115,41.55856931209564,9012.9609375,1.0,0.1596181158581427,0.1785360036910833,1.0
130.0,-33.481635114881726,-59.10673111809625,43.62881007724338,12342.988888888889,1.0,0.2241225938180827,0.2186559277908351,1.0
131.0,-41.158963079037875,-51.06533843330715,44.08304098378057,11656.965217391304,1.0,0.1822633690342943,0.161078079602662,1.0
132.0,-46.360201961115784,-41.27261548293264,44.90039795323422,6899.046052631579,1.0,0.1516645156026751,0.1958848733367247,2.0
133.0,-57.46657414399376,-50.58573576461437,-9.0969367577124,17998.868217054263,1.0,0.149574381242046,0.2560628335265477,1.0
134.0,-26.681626359293283,49.36503468663239,-12.87837858042441,18727.18181818182,1.0,0.0097109834312334,0.2237785738357419,3.0
135.0,-41.00565721540887,46.812745728468535,-5.045602108394434,13944.030456852792,1.0,0.0627875652899441,0.1837892340982799,3.0
136.0,-43.294182943919346,36.138456950111994,9.772238699216691,14485.238095238095,1.0,0.089785722186251,0.1336079528827732,3.0
137.0,-36.89515210041958,48.65427763272176,11.36860647454726,20842.309734513274,1.0,0.1126652481208237,0.2262715142529315,3.0
138.0,-26.632569524976944,52.44707912868924,13.256790174378288,25512.12037037037,1.0,0.0702733502559956,0.2230486178595085,3.0
139.0,-39.40869430109119,37.962596473964396,20.59003894887072,22393.858156028367,1.0,0.2132217948116651,0.2748368160649606,3.0
140.0,-42.5258699088261,21.96348481013857,25.607814381040377,19081.303448275863,1.0,0.3298975161805275,0.3267563698437635,3.0
141.0,-38.02759246195643,8.271791601969191,32.88523256286117,19628.87603305785,1.0,0.3115007194208281,0.35843906884517546,3.0
142.0,-36.27184497999108,30.930426506374193,34.038669055441154,27413.75652173913,1.0,0.0981990809221373,0.3237638323031839,3.0
143.0,-32.03359763518624,15.285582438759182,-10.236796783364337,10595.076086956522,1.0,0.0789440301578944,0.09914965536215439,3.0
144.0,-9.700104871003525,-72.48910257090692,46.88105817048446,10918.904347826086,1.0,0.2084439691047258,0.264989920729445,1.0
145.0,-7.1904874894677135,-61.016483772091746,53.249312362050624,11051.81300813008,1.0,0.2992259822163045,0.3505692865846394,1.0
146.0,-2.4128645150387875,1.0257778971410187,31.365068592008996,1398.8524590163934,1.0,-0.0350146778315349,0.0506289074429053,3.0
147.0,-3.292713579009561,-22.034221719293033,29.631934250102322,1111.3088235294117,1.0,0.1000286425859998,0.040786063547221,2.0
148.0,-5.203483060945438,24.25566366050817,46.985575688036185,7152.797468354431,1.0,0.287214867588013,0.3525292177529526,3.0
149.0,-51.90351930260658,-2.1915366256962443,-29.20393915474415,24707.8515625,1.0,-0.0148866765315605,-0.0088358536426398,3.0
150.0,-60.01545861363411,-19.59815661981702,-19.053074844181538,25037.4921875,1.0,0.177030128627942,-0.0024695565791458,2.0
151.0,-57.24485126701561,-37.99535828667718,-17.615137789700483,20764.885135135137,1.0,0.1414734968001058,0.1323459074014234,2.0
152.0,-54.22741931915283,-11.380531446486712,-14.41957347393036,29277.965,1.0,0.2419132946156962,0.0110656390461352,2.0
153.0,-53.57586224873861,2.277203313608964,-11.4097416528066,28799.633333333335,1.0,0.0364757926478314,0.1000789316331309,3.0
154.0,-57.71692056315286,-36.77216588599341,-3.788805890603856,17606.433035714286,1.0,0.1893434020626161,0.1170149975347982,2.0
155.0,-51.12023792973271,-25.269215039853698,-5.093003495589451,25674.05925925926,1.0,0.1000198657136682,0.0414678682134253,2.0
156.0,-59.172403984069824,-14.861030254364014,-2.810882861223072,29149.11,1.0,0.1431104831017544,0.0759937536091818,2.0
157.0,-60.404451150605176,-33.22311253403172,5.692855742844668,8526.248484848486,1.0,0.2540779813567075,0.323734068976116,2.0
158.0,-51.173726574067146,-42.843528993668095,5.009158499298557,7324.975806451613,1.0,0.2086088813132264,0.2220357335469537,1.0
159.0,-56.68621166023666,-48.379885644969825,16.084374302161667,7409.245508982036,1.0,0.1801021903422001,0.2112496691906731,1.0
160.0,-45.746126726799204,-57.818914500589905,19.95724146015148,12328.157360406092,1.0,0.13098532447554,0.11241347602172812,1.0
161.0,-39.6622145291671,-76.09841126377142,28.885480223350154,13997.533980582524,1.0,0.1387668126470059,0.20817982036145433,1.0
162.0,-45.27175769805908,-62.2746417427063,30.695307006835936,14587.745,1.0,0.11979340724443502,-0.0369880673100642,1.0
163.0,-54.88797170639038,-53.091487350463865,28.34099362373352,7300.325,1.0,0.1768874438645143,0.1135207011853415,1.0
164.0,-38.46656840497797,-69.69368334250017,42.13087010383606,13080.454545454546,1.0,0.12185760735188979,0.1076463450968158,1.0
165.0,-46.438409758777155,-58.295723496413814,43.182616675772316,13602.34756097561,1.0,0.1301304553265554,0.1855653985582397,1.0
166.0,-32.82323404199937,20.532147228016573,-15.968619663575117,15801.835294117647,1.0,0.24373458555155217,0.1807912202633246,3.0
167.0,-33.82700983683268,36.63256676991781,-12.259358920303045,18408.92156862745,1.0,0.126957957458509,0.1690080177475728,3.0
168.0,-5.695918530004996,54.216968592890986,-9.126376343214954,22265.08148148148,1.0,0.0061130394693265,0.0971191904142185,3.0
169.0,-6.189778890766081,35.437627625595674,-9.653110474185214,22237.15300546448,1.0,0.1295091312994097,0.0911889905771081,3.0
170.0,-45.51147978376634,32.003114058239625,-8.961119969292442,9785.930693069307,1.0,0.10350811619545108,0.101414228904482,3.0
171.0,-28.46639382302224,55.275911657659854,1.7699895428644645,21946.972972972973,1.0,0.07721540715029028,0.1787309255834034,3.0
172.0,-46.891947962443034,29.135340029398602,1.5525396760531536,9770.473333333333,1.0,0.2343707739393036,0.1042123517518127,3.0
173.0,-7.565340370428367,57.32966122861768,8.252653029655702,25710.983606557376,1.0,0.1786178960099544,0.0637758908850909,3.0
174.0,-7.861982049712216,44.75526515547052,7.367005892922675,25784.710843373494,1.0,0.20865821668712237,0.1313060623848048,3.0
175.0,-50.93930647426978,22.253304517358764,11.02459680765195,15113.827067669174,1.0,0.0975125234811724,0.1798371679253918,3.0
176.0,-16.70764725613144,63.509868297936784,10.542745529480701,25662.29245283019,1.0,0.10932687699532491,0.1999882282541059,3.0
177.0,-6.931831573984425,33.34875856387387,23.448606734063215,7439.738853503185,1.0,0.1717137952098295,0.1648960771862226,3.0
178.0,-5.945375312216663,48.772432816516066,28.81552273278786,26236.11524163569,1.0,0.0575333676901553,0.0764961195327085,3.0
179.0,-14.65609507975371,53.97070069935011,29.774893428968348,26130.190217391304,1.0,0.1825803924286836,0.0282372897412959,3.0
180.0,-22.15691719384029,48.21442097630994,27.157969820088354,26222.362068965518,1.0,0.1046068641826841,0.0985438949781326,3.0
181.0,-26.490525003463503,29.857744474259633,38.85923536996993,27273.52380952381,1.0,0.1033902684111563,0.2098506954596808,3.0
182.0,-38.83190472920736,16.836375260593915,44.77164384090539,27797.969696969696,1.0,0.1284126090734493,0.2876129050878339,3.0
183.0,-9.2775380995314,39.49452778444452,48.78001571913897,26404.271186440677,1.0,0.1747075817451522,0.0586704960847779,3.0
184.0,-18.9382713791123,35.20097544677275,41.876932646098886,26894.157894736843,1.0,0.1405115220072243,0.2261335392821794,3.0
185.0,-40.46565780043602,5.154796105289279,46.68838679790497,28051.640625,1.0,0.2301089603638624,0.295558494737437,3.0
186.0,-29.590397142896464,15.662008551990285,50.838458042518766,27684.06862745098,1.0,0.1825198171910156,0.19745860357500958,3.0
187.0,-21.56336152638104,20.062233803120066,48.86325414130028,26817.27659574468,1.0,0.213497605636744,0.1094683494482425,3.0
188.0,-11.542914871352812,20.948007235869518,59.406002508342596,14661.828729281768,1.0,0.09841822453686008,0.144728786361068,3.0
189.0,-7.005456666448223,6.966256321366154,63.89623619193461,3385.0149253731342,1.0,0.2835275580127661,0.2258005183751271,3.0
190.0,-6.945327836114007,-50.714107513427734,8.698486630981034,1805.6351351351352,1.0,0.0719443383733943,-0.0784089701557444,1.0
191.0,-13.167561465647163,-59.94372419031655,16.14604381817143,24244.628048780487,1.0,0.229203463143172,0.2553679504762908,1.0
192.0,-4.409053434585703,-51.914931461728855,20.77334527311654,15407.663793103447,1.0,0.1476149529824894,-0.134576367905608,1.0
193.0,-4.784848746606859,-38.80726516852945,24.987278663505943,356.47457627118644,1.0,0.1596154928792661,0.0442646268265736,2.0
194.0,-10.605925153072615,-68.08658232724756,31.9839876504769,15421.466165413534,1.0,0.2399702015765232,0.1563575679744045,1.0
195.0,-6.112355748585292,-59.075313393729076,31.37968004499163,14670.525714285714,1.0,0.22984525361398786,0.0328053121567979,1.0
196.0,-8.027957205869713,-43.63560029114185,33.99339211392565,5960.741496598639,1.0,0.1222571126167632,-0.0082899471711869,1.0
197.0,-3.2616768848896025,-31.568544960021974,37.895390586853026,1484.72,1.0,0.1605950423253702,0.08261453508714918,2.0
198.0,-2.4162113720720466,-15.562751238996333,37.6200355833227,978.1363636363636,1.0,0.1172087177785924,0.10344331372868311,2.0
199.0,-4.609096433253998,-66.03367135879841,44.22416269018295,11263.382978723404,1.0,0.3432201640732444,0.2860101571252786,1.0
200.0,-7.108631577461389,-50.36511920515899,44.654722420273316,9060.847133757961,1.0,0.3192566095214628,0.0703423232335295,1.0
201.0,34.63605057398478,-37.34144476254781,-21.931720423698426,50791.9,0.0,0.2380840138253702,0.2044874527164948,2.0
202.0,30.971067969478778,-32.33798210182,-16.905535014707652,52054.36815920398,0.0,0.0050163761631942,0.0453310109081935,2.0
203.0,35.7233791923523,-55.90481288909912,-16.887819137573242,51575.22,0.0,0.2265296144812903,0.2660998152289614,1.0
204.0,33.49088302025428,-75.20097520616319,-12.86130145472339,52127.256410256414,0.0,0.4078178882155737,0.3980288297490703,1.0
205.0,26.618174076080322,-52.078927031807275,-8.379887207694676,49016.1652173913,0.0,0.0879429625484547,0.0562047525784188,1.0
206.0,21.064868280036965,-72.97127663310448,-8.29173092626447,52450.50753768844,0.0,0.2749415865760369,0.2622300916896348,1.0
207.0,17.2855299169367,-35.81648799351284,-10.555428777422224,38414.2987012987,0.0,0.0123565260565273,-0.0775162578590091,2.0
208.0,19.038932361602782,-86.54815040588379,-9.97368369102478,52182.27,0.0,0.4940579668089294,0.5608672919197727,1.0
209.0,46.43507872016182,-65.85745185748485,-6.119975951664588,51022.68778280543,0.0,0.316813437300882,0.3323927886666158,1.0
210.0,39.221835234226326,-83.30260751186273,-8.15891642964039,51619.64102564102,0.0,0.43159520535165585,0.4787771002644546,1.0
211.0,8.374211968978246,-72.14165261586507,-0.6542110980798801,52650.45,0.0,0.2573712275636132,0.2411070323320669,1.0
212.0,13.639382744657583,-56.42563951426539,-3.0223726305532557,45520.58620689655,0.0,0.1252213404671792,0.1457624193465468,1.0
213.0,26.1109490167527,-93.86227984655471,-6.627141729063753,51786.208333333336,0.0,0.5154391056437818,0.5668600724830463,1.0
214.0,17.440226579967298,-45.029416837190325,-2.4149839189125677,30865.019736842107,0.0,0.0059611142917948,0.160575378280728,1.0
215.0,11.288543480928704,-91.286060658271,-1.1878644747099936,52396.84753363229,0.0,0.5207617202498,0.5449273488579438,1.0
216.0,46.32655152820406,-66.50563143775577,7.108712843273367,44078.21428571428,0.0,0.20211256617568082,0.2104357716526612,1.0
217.0,13.221759272293307,-45.23604363454899,2.811853169293051,30306.901408450703,0.0,0.1652897270711116,0.12386976837857731,1.0
218.0,34.464526913123215,-85.24652040218879,5.135200179681115,48044.90419161677,0.0,0.44133426858303576,0.2683222864904868,1.0
219.0,10.762304935937726,-75.08177823315334,8.879577842204023,53252.03501945525,0.0,0.2656122963347926,0.2331989851499036,1.0
220.0,22.120175466583106,-59.70981575997823,6.024834339128157,51588.966507177036,0.0,0.1870724975715349,0.05950544755301,1.0
221.0,23.262048927007935,-96.22776525160846,8.168570312799192,51495.07843137255,0.0,0.4583558610171864,0.4240180634553885,1.0
222.0,42.04066946448349,-77.05396200970905,13.849099656430687,43420.42682926829,0.0,0.3178490318090305,0.0457593031339811,1.0
223.0,14.564597286590159,-91.5350401891421,17.877134479888497,52429.57534246575,0.0,0.3251982721811268,0.299575445131804,1.0
224.0,16.38205549078928,-66.62690382944027,19.316800956994715,53733.859154929574,0.0,0.187508789804714,0.1755065278778384,1.0
225.0,6.28159115711848,-81.88183428446452,21.75593693256378,53320.86666666667,0.0,0.2080911508714525,0.16649822409304146,1.0
226.0,27.721510933666693,-84.12717209792719,20.752091268213785,42797.03658536585,0.0,0.274493724260147,0.1827960244223839,1.0
227.0,34.90272258829187,-75.8596107341625,24.23739712326615,42238.27777777778,0.0,0.3557883687426759,0.1828384930320669,1.0
228.0,16.48841803564745,-75.50913249745088,33.76541701485129,46092.39705882353,0.0,0.2440432875754659,0.1869780338911307,1.0
229.0,19.0177745019427,-83.29614892805586,36.35041112485139,41594.48447204969,0.0,0.22052984639873613,0.1273627023327662,1.0
230.0,27.081255000124695,-73.4248541555097,38.23740364402853,40403.55913978495,0.0,0.2194500984834625,0.19361152681123373,1.0
231.0,53.66523038591657,-0.09023334613868168,-4.5431675666783535,58380.23428571429,0.0,0.0891747975407593,0.1366537337237748,3.0
232.0,60.705973920483274,-21.96794883853893,0.9646832844346459,45215.02030456853,0.0,0.1441126964666458,0.2465907560114532,2.0
233.0,53.87137479084294,-16.352281293636416,6.7834404532502335,53740.575609756095,0.0,0.2014829061201772,0.170621812727154,2.0
234.0,41.27325421410638,-16.811106130883502,1.7879152967110024,52891.39864864865,0.0,0.0940805922521722,0.0006631439543233,2.0
235.0,38.323130206527,-6.53763893218798,12.630412792491022,39227.6168224299,0.0,0.1181307164952501,0.0410653545259497,2.0
236.0,35.72207200792101,-20.236300418995047,12.945829020606148,45915.97037037037,0.0,0.0415507454567811,0.1542299624975499,2.0
237.0,60.38467392364105,-26.907054046531776,12.451258557183403,37746.57142857143,0.0,0.1845033874693888,0.1423439057695696,2.0
238.0,61.33052177103157,-36.99181568113148,12.95272326673198,37330.37606837607,0.0,0.2022482961944437,0.148508027874017,2.0
239.0,41.09393766814587,-12.60573181919023,18.162404798993876,44801.17647058824,0.0,0.1303114623299346,0.1326024044151995,2.0
240.0,41.90518139360289,-29.31756147294597,18.337756942781766,40069.80686695279,0.0,0.0977164120774457,0.1258863324596574,2.0
241.0,50.17285477031361,-11.17742412740534,14.616129755973816,46056.806818181816,0.0,0.1705812869965139,0.040637842111328,2.0
242.0,57.58956775526061,-0.2901644284707786,10.91050964202324,47048.051094890514,0.0,0.1690415050161993,0.0244608938853999,3.0
243.0,49.272047220865886,-21.68989435831706,19.154373474121094,45083.88,0.0,-0.0039238225995922,0.1604319348767821,2.0
244.0,60.99062009201836,-12.413765622168473,16.20307586119347,45524.865979381444,0.0,0.1641151832520513,0.105670183470158,2.0
245.0,58.78069676850971,4.840153502913094,29.572471719039115,47570.38157894737,0.0,0.1946504017134606,0.0778006630243669,3.0
246.0,57.538297794692944,-6.6772222263788255,26.67798793351261,45772.53115727003,0.0,0.0657006146560064,0.1705707146218032,2.0
247.0,59.48674114772252,-15.579293087550573,30.698732130868095,45587.99285714285,0.0,0.2204431454238883,0.1593870963504779,2.0
248.0,49.424571804884,-7.260876240890201,35.34260842858291,43554.68292682927,0.0,0.0400961725874314,0.1219776657224084,2.0
249.0,54.10029945023563,-17.930075006747465,40.05587408083294,43818.45871559633,0.0,0.1026061287811327,0.1110629788102538,2.0
250.0,10.08600094186978,-15.406584349204236,41.7492539413332,31567.07874015748,0.0,0.1780204486792224,0.1093685516758083,2.0
251.0,50.482744625636506,-14.072933340072632,46.160344287327355,38125.56428571429,0.0,0.1088056222367784,0.1253551924399151,2.0
252.0,43.28350894422416,-10.656200413962445,45.75630937139672,34918.114457831325,0.0,0.2211194441253373,0.3038074575265241,2.0
253.0,46.95000151850751,-25.64570967356364,52.99743348273678,35725.106280193235,0.0,0.0697755406532469,0.1222591311860256,2.0
254.0,8.04992791135868,-8.33713612151137,49.71872341133163,32308.604790419162,0.0,0.10985561399559139,0.1096979412479037,2.0
255.0,40.42417476586336,-21.463746674667448,50.28187831901234,36018.94082840237,0.0,0.143792330328417,0.2219140054736245,2.0
256.0,34.516418871361665,-18.500413115997887,59.160471098253346,33709.19475655431,0.0,0.1257717316137607,0.147751020804745,2.0
257.0,32.8113166156568,-34.001483967429714,59.439884662628174,35297.08552631579,0.0,0.0818015146878709,0.1017371916597235,2.0
258.0,30.676933062518085,-40.58934080335829,58.35856261076751,38344.8962962963,0.0,0.1046814574828495,0.1993614240753062,2.0
259.0,33.13402618061412,-27.759872884461373,58.13690214446097,35596.204545454544,0.0,0.1196932121944719,0.215875268711386,2.0
260.0,5.288223063244539,-24.320837027886334,56.55208394106697,32447.698529411766,0.0,0.1488349071479006,0.1630497384105657,2.0
261.0,26.5881325092191,-11.563482920328775,61.63742317249572,34003.36601307189,0.0,0.1167642975328215,0.1967748490198245,2.0
262.0,10.467902965691625,-40.87742334482621,65.13242369282003,31852.755102040817,0.0,0.2181635698360624,0.2545711973926681,2.0
263.0,20.29217809789321,-25.383374345068837,62.69804823632334,33581.60784313725,0.0,0.1726995797750519,0.1282075637958741,2.0
264.0,20.90376761754354,-30.303462394078572,63.60956071217855,33860.525,0.0,0.1487002931594618,0.1993124232028126,2.0
265.0,22.5012503788389,-35.364343064406825,66.99574061426623,34989.206896551725,0.0,0.1544506902909453,0.0704960746167062,2.0
266.0,14.381288705247172,-9.950370327810223,69.03385153781163,34098.74157303371,0.0,0.1156423526787511,0.22040624015463184,2.0
267.0,15.462098341721754,-47.33718018842167,68.32018577981982,37853.34911242603,0.0,0.0216215058560171,0.2328516008986599,1.0
268.0,5.395201109585009,-24.186240110899274,68.3289891895495,32510.389473684212,0.0,0.18984860127173653,0.1532097706167651,2.0
269.0,14.780103738846318,-21.632543760730375,70.87820117089056,33974.6,0.0,0.1301732077623991,0.22104801645128452,2.0
270.0,12.32349358418191,-34.58663862065752,72.74601538606392,32845.248062015504,0.0,0.1339946850041625,0.1330615826439235,2.0
271.0,47.41687404792118,-50.278165070276295,-15.057751670083166,51163.961977186314,0.0,0.2908886915299327,0.3200974844998295,1.0
272.0,55.512173535531026,-55.54511250947651,0.7641849615406898,43703.491228070176,0.0,0.31060801488498,0.1672072880444545,1.0
273.0,50.20844548142801,-56.380290234182766,11.765378415115237,43853.10236220472,0.0,0.1007767004438127,0.1302034267011939,1.0
274.0,41.77456081800224,-74.14638393181414,31.45769707230497,43324.53719008264,0.0,0.2751296840964725,0.0766989958112667,1.0
275.0,30.455088334925033,-66.15063435423608,34.29848482094559,41994.92156862745,0.0,0.2316881714158984,0.2792283536802643,1.0
276.0,54.59200934993411,-24.734914261160544,40.92116272565231,44965.912621359224,0.0,0.2890306244141204,0.2687524332395745,2.0
277.0,16.62149748017516,-72.61082043225252,47.58372275436981,40504.9746835443,0.0,0.21877270615580757,0.10906143760779369,1.0
278.0,39.91209218743142,-38.47120585066549,42.72745878241035,36102.13483146067,0.0,0.3221392777828321,0.3155900686387156,2.0
279.0,44.46286655874813,-28.126201573540182,41.47411360460169,35628.117647058825,0.0,0.1145373621818063,0.2094388331189197,2.0
280.0,28.632842994598022,-61.19037660345974,49.13780722560653,42360.78313253012,0.0,0.3021966236822692,0.2712856166592112,1.0
281.0,35.599052148116265,-45.57845864546926,44.8652687474301,42302.45263157895,0.0,0.1642112648880312,0.2998956965013261,1.0
282.0,20.64941999772016,-65.52931518554688,52.80463070588954,40666.2,0.0,0.21718550230783892,0.41505946043803843,1.0
283.0,36.28334897984573,-36.601558706148076,47.714956961042894,36326.983606557376,0.0,0.3297168600938844,0.1264315879507469,2.0
284.0,32.71726516723633,-50.10056889125279,51.16237714494978,42492.16,0.0,0.2898724285710615,0.3053050653423468,1.0
285.0,9.505382341497084,-67.11328629886403,53.40694898717544,40622.21568627451,0.0,0.1676341646358507,0.2185406457081754,1.0
286.0,25.825424281918274,-55.52857256908806,58.31028276560258,42316.8418367347,0.0,0.3425542980862144,0.3574664090996821,1.0
287.0,7.828031433650425,-53.74054478236607,58.446114022391185,40543.08,0.0,0.2638687858147621,0.2817172943468781,1.0
288.0,14.042484604309653,-60.19246391938111,60.929740941413094,40285.299065420564,0.0,0.2042764136577598,0.22944938994355527,1.0
289.0,24.81768237154908,-47.88418075935972,63.977776977913514,42111.77914110429,0.0,0.1949883477318548,0.1508116840473539,1.0
290.0,38.33113407558865,-3.08252739969434,50.60765872531467,37165.24444444444,0.0,0.3405867325629322,0.3464208308768422,3.0
291.0,26.70292810172089,-2.7415841694397867,52.14924744535084,35106.2479338843,0.0,0.2949516439470732,0.4295183791544459,3.0
292.0,21.673201450548675,-3.5813769066804335,63.36687577900133,34369.926315789475,0.0,0.22429190838375723,0.3359583056645521,3.0
293.0,48.78837077525439,7.403127114417145,24.87813119203346,47427.36464088398,0.0,0.3637870052727863,0.3969923621010361,3.0
294.0,56.074307209736595,-48.108211723533834,9.92535959278141,40716.00900900901,0.0,0.2112366208674118,0.20361918521506678,1.0
295.0,49.850258856704556,-42.05594206347908,13.995097484785257,36867.24742268041,0.0,0.1515439935949583,0.2132974251596317,2.0
296.0,57.59400785087359,-43.154976873114556,22.586718360976416,36999.88118811881,0.0,0.1950788962310309,0.1402409251870136,1.0
297.0,56.710862532258034,-32.95760837942362,25.514818392693996,39083.53125,0.0,0.2687658530701126,0.1403315659790706,2.0
298.0,58.10631807978282,-22.410730373359726,24.54381498462426,45235.113772455086,0.0,0.21606744072901748,0.10673093034772328,2.0
299.0,59.80866828458063,-29.99676695363275,37.594839597570484,43659.06034482759,0.0,0.2941337386460744,0.2331520381472379,2.0
300.0,56.15323479642573,-41.96442975702974,36.23700945156137,38329.81958762887,0.0,0.2927905060335039,0.1959861371028362,2.0
301.0,48.01351845343381,3.0356886814662953,39.72925668678536,51251.11920529801,0.0,0.2585935621024023,0.3461075303351744,3.0
302.0,39.27358016600976,5.485292549567441,-17.592850538400505,44237.966346153844,0.0,0.0570670673449308,-0.0164919917856374,3.0
303.0,39.64067919114057,9.727283228846158,-5.537236811191428,38732.37254901961,0.0,0.1411613957356426,0.1947775540301654,3.0
304.0,40.24768539748267,-6.492188683140497,-8.04816696548064,44591.1780104712,0.0,0.09356459473001941,0.1128850705198765,2.0
305.0,39.38585307810566,2.51058731825635,2.3169576355744854,38677.207920792076,0.0,0.0248765465214722,0.1103684746572797,3.0
306.0,37.1493850268906,22.5524371510787,5.313723708750854,39321.77697841726,0.0,0.355836483750494,0.2175117042686588,3.0
307.0,38.118609614186475,5.733286738153789,10.941036589733965,39359.72077922078,0.0,0.1665901749030993,0.1606635646788187,3.0
308.0,49.62795396790887,5.072051847489537,4.478303664737809,46464.313868613135,0.0,0.2314759801065328,0.0857017258351048,3.0
309.0,52.454566750750445,12.12422192016704,12.022940819695492,46907.5033557047,0.0,0.2156194283148637,0.1868775224708967,3.0
310.0,31.676972077189504,42.88252748761858,25.642915668575444,56509.85253456221,0.0,0.190379126105689,0.256328803741685,3.0
311.0,7.4468557946822225,16.255335732067334,36.03954292746151,31075.811764705883,0.0,0.3231377136972506,0.1636406020284374,3.0
312.0,6.969535203278065,0.4721052770037204,41.626073241233826,30769.3125,0.0,0.2186794505415864,0.0163473200666458,3.0
313.0,11.179695308523835,-31.161882693174654,41.773951434584525,32018.703703703704,0.0,0.240858127517475,0.1903126752326617,2.0
314.0,6.71406974019231,9.945868152755875,54.050580067677544,31439.405405405407,0.0,0.4101723335930345,0.2630009109364399,3.0
315.0,11.271197433889347,-43.28845551762268,52.4611507610683,31677.82481751825,0.0,0.0782063976525303,0.1222731800468642,1.0
316.0,11.505796033889055,-30.65045326948166,48.42460373044014,32208.2890625,0.0,0.1838250767180796,0.174686341664608,2.0
317.0,6.8320929745265415,-3.702170523277351,64.16507786342076,32857.6,0.0,0.2501745208861473,0.1563208556090458,3.0
318.0,14.67745435502794,3.8410323979126084,67.619177669949,34209.51111111111,0.0,0.1470543880647439,0.0016103817304898,3.0
319.0,13.202616746715039,20.28778129368159,-19.89308396929261,48907.184971098264,0.0,0.0931212208671475,-0.0537969890405462,3.0
320.0,22.871905686839526,24.24836398118379,-18.166885104400432,48492.30463576159,0.0,0.3028871413076058,0.1711542943492979,3.0
321.0,8.302180820497973,44.259212143119726,-22.713349506772797,48992.74137931035,0.0,0.1747708417970451,0.073867476220216,3.0
322.0,20.437674096051385,44.728394945930035,-16.831563545675838,48656.705882352944,0.0,0.1738857983245595,0.1801900039780937,3.0
323.0,4.8857814154841686,19.12965817343105,-20.766583366827533,49548.829545454544,0.0,-0.0327780455030914,-0.1368440167899841,3.0
324.0,9.20172410661524,61.676164627075195,-13.316375011747533,50148.704545454544,0.0,0.0675890352928274,0.09857407766508491,3.0
325.0,28.90807596842448,-2.3490460979358088,-38.20309823997012,50941.831460674155,0.0,0.0759975683524234,0.0384472799159155,3.0
326.0,50.03830907219335,-8.773564105951472,-36.09164578036258,49937.95394736842,0.0,0.1723183607423667,0.1241971363679129,2.0
327.0,37.428119394163424,13.713085198244512,-36.53811517930189,52703.39735099338,0.0,-0.0517901580887472,-0.0324568279644774,3.0
328.0,40.55378435172287,-15.675737303846022,-29.381055953455906,50503.37745098039,0.0,0.16665374882564912,0.0871050598746922,2.0
329.0,30.206021842055435,9.520684668398278,-28.241513094564123,52076.16535433071,0.0,0.0020909910784282,-0.0968606090256311,3.0
330.0,48.88860205835944,-29.683327463649263,-24.108101543964157,50369.395973154365,0.0,0.0182095324153941,0.1671057832269508,2.0
331.0,24.295945861122824,-19.582389667436676,-25.97007163778528,53526.08441558442,0.0,0.155240727865515,0.0598300288175159,2.0
332.0,49.22095328003821,-54.768238039782446,42.484446365467825,43264.95620437956,0.0,0.1501705520940636,0.2719096555027179,1.0
333.0,50.31123930278577,-45.90379867553711,43.35948731271844,40908.6,0.0,0.2341366700797231,0.254641747595577,1.0
334.0,34.285804578236174,-64.95522805622646,41.79692281995501,41947.42857142857,0.0,0.0998878590420823,0.1442572989878697,1.0
335.0,49.45631554883397,-36.18286156797124,45.916177121465076,38874.4371257485,0.0,0.23896752045478487,0.3589211969615678,2.0
336.0,42.913592642926154,-45.79301890921086,43.64458031349994,41358.09574468085,0.0,0.1264734384849562,0.1880125048988026,1.0
337.0,38.38815373738607,-54.869904403686526,44.32788103739421,41971.62,0.0,0.2567296773228277,0.2945608217664576,1.0
338.0,59.660584812842046,-31.782354238674724,-17.596765692463986,51086.79695431472,0.0,0.17844252642810443,0.254113872562593,2.0
339.0,59.76464413685404,-45.812508868563704,-7.841116327768678,46418.891719745225,0.0,0.24225423591476666,0.23404664951985957,1.0
340.0,33.46619137731092,21.400654371853534,-7.98616364207761,39475.35172413793,0.0,0.1597705033049425,0.2542683659464575,3.0
341.0,26.84178358661242,55.336902113985424,-12.12876984304633,48500.57024793389,0.0,0.1397789333701325,0.102722290563365,3.0
342.0,40.559077144448274,50.592628454071246,-4.1554540047069,45333.686274509804,0.0,0.11422862542825558,0.3017288136880131,3.0
343.0,26.88937673187256,56.884540069580076,3.3031007386446,53084.816,0.0,0.1208027057996379,0.2122477697110072,3.0
344.0,44.806028383272185,39.43624290260109,6.234762448448318,41743.657657657655,0.0,0.2380899259032014,0.0700436421188153,3.0
345.0,39.598338473926894,44.968832384456285,14.93465907736258,51279.454545454544,0.0,0.22638378292049743,0.3156898926166366,3.0
346.0,44.52877004523026,30.547599307277746,18.120682666176243,46728.94736842105,0.0,0.106309105411195,0.2347348447170767,3.0
347.0,45.05574655532837,17.583822692141812,24.468008420046637,47084.22794117647,0.0,0.2918464518093172,0.3271598974502146,3.0
348.0,24.785801142203706,52.939341697372306,21.632447523229263,55568.78151260504,0.0,0.1956960619183607,0.1365412285608904,3.0
349.0,44.19932126623439,28.772169954194798,27.157898174496147,50177.65354330709,0.0,0.2512138879451637,0.2602054759215375,3.0
350.0,39.117339331528235,10.898673470678,32.60661087364986,48418.06896551724,0.0,0.2459687477558019,0.4075434741373051,3.0
351.0,37.383035265604654,30.22872142791748,36.090450007120765,57144.86666666667,0.0,0.1608166166352226,0.1982193964997259,3.0
352.0,41.753249378947466,18.027360334024802,40.4674075485824,57506.707792207795,0.0,0.1711757099463988,0.2726249574544716,3.0
353.0,40.55238162769991,6.850536610565934,46.54215397554285,57630.14705882353,0.0,0.263335506136979,0.2327861354890158,3.0
354.0,33.94934883746472,13.628406672687321,52.11769550449245,57475.84065934066,0.0,0.2653751750048176,0.3166253239289618,3.0
355.0,23.697269121805828,8.198285692532858,56.90875116984049,41055.46,0.0,0.3414196265634078,0.1781391611265474,3.0
356.0,12.44676819969626,-69.14612326101094,39.112229419355636,41228.94957983193,0.0,0.2056744403820104,0.051031183196547,1.0
357.0,6.635549900961704,-62.621360153448386,45.930692610193475,41009.37704918033,0.0,0.29848860891923634,0.2867791211529408,1.0
358.0,5.817638300642183,-25.292138956770113,28.518856241733214,30728.822784810127,0.0,0.0589957702552764,-0.1062018785280402,2.0
359.0,4.089872417449951,-2.2566875429451465,31.259956970214844,31095.76,0.0,0.0431455613685182,0.0603849910148884,3.0
360.0,8.771095595215305,34.117682878898854,26.03137752648556,42099.46666666667,0.0,0.19644801781217971,0.19747844119845326,3.0
361.0,5.84996915274653,26.52568685597387,47.12556727179165,40853.525862068964,0.0,0.3040526150289791,0.2477786228436314,3.0
362.0,49.97717374436399,-47.9153795445219,20.156784382272274,39521.585106382976,0.0,0.2588158281473396,0.1163384731777047,1.0
363.0,45.91500594399192,-64.31225117770109,21.56271067532626,43904.78787878788,0.0,0.1661856770135177,0.1018693886467071,1.0
364.0,50.870995966593426,-56.14791912502713,26.256442059410944,44274.15555555555,0.0,0.1655531162097027,0.1393225228793618,1.0
365.0,53.69786135355631,-49.513483651479085,31.0010125319163,40985.84166666667,0.0,0.166022859870907,0.2066782847160525,1.0
366.0,44.94430217426785,-64.51744180753086,37.9170521477968,43068.54143646409,0.0,0.212437966426871,0.19275753849601968,1.0
367.0,49.829483804823475,5.503451492590241,-31.00376115871381,56420.43037974684,0.0,0.1561679685505713,0.0029210048991418,3.0
368.0,60.09505392915459,-11.963301639523237,-21.0238891519526,54910.77419354839,0.0,0.1838445275709253,0.1384777864790437,2.0
369.0,49.25383931940252,13.210932211442428,-19.023963991275505,58380.27272727273,0.0,0.0516214258917066,0.0252898335205432,3.0
370.0,53.26320462036133,-6.808633356288076,-13.778250663757325,58952.372,0.0,0.2017556269722622,-0.0035503349718144,2.0
371.0,61.47702493338749,-28.38332570832351,-5.489802539348602,51952.120689655174,0.0,0.2960620775858583,0.1241069005040964,2.0
372.0,48.963471580954156,-23.752317380504447,-5.843007216934397,51568.06722689076,0.0,0.1267398111762018,0.0427171208295191,2.0
373.0,60.76266620033666,-40.84828236228541,2.3520848008460904,37496.22368421053,0.0,0.3022189673490721,0.0909410670616421,2.0
374.0,49.579769632090695,-36.194236909380614,3.9536571056807635,37081.316770186335,0.0,0.10439012703480802,0.11574676197729439,2.0
375.0,32.833598543713975,22.551234031890655,-16.98024054173823,46983.20279720279,0.0,0.2126313895085678,0.0984047872735755,3.0
376.0,34.554306976194304,39.13441901478341,-11.824635839074608,48153.07317073171,0.0,0.3034613318956434,0.1911955507746457,3.0
377.0,47.489511270438676,33.021257543985826,-5.723274987178599,39460.30973451328,0.0,0.2974009797930321,0.1351264189458871,3.0
378.0,52.07001031994146,24.701193017474676,9.456635869828995,43181.63276836158,0.0,0.2963476568737044,0.18302650983164231,3.0
379.0,5.67328432419291,39.507851363141874,-10.313907113711268,51588.252873563215,0.0,0.0923763551359262,0.082758345687875,3.0
380.0,10.024958690750264,65.15360816171236,2.384960550153367,55204.84112149533,0.0,0.1323342791028893,0.2219330152540312,3.0
381.0,8.505766546106063,43.21743518630893,4.2891524290730585,54833.473988439306,0.0,0.20111449237925202,0.164272765289017,3.0
382.0,8.045882364337364,52.40973174705934,14.449868108449357,55652.230337078654,0.0,0.1539036012582302,-0.0042888259608874,3.0
383.0,15.953463539596676,62.26315011904221,17.269747257232666,55574.61240310078,0.0,0.1596602054558832,0.0650525550542828,3.0
384.0,4.523526196577111,23.583066765142945,21.35410873257384,31326.102040816328,0.0,0.11647977210896848,0.0483995466976404,3.0
385.0,7.086853755147834,54.0589365507427,30.55317866676732,55945.642105263156,0.0,0.2115097868709102,0.061989392645874004,3.0
386.0,17.433140363448704,49.3530164213262,34.209667906801926,55936.19658119658,0.0,0.1568238027817863,0.1769153785141458,3.0
387.0,5.749441640130405,41.4503033517421,38.11177016948832,56142.55172413793,0.0,0.1771091000755756,0.1447192760291329,3.0
388.0,25.532332384697746,33.11969298068608,39.16693715960066,56812.233644859814,0.0,0.1874109062784362,0.0428499010673627,3.0
389.0,12.87610320737285,37.60007086723081,49.77748142365486,56183.18709677419,0.0,0.2011214652223186,0.1403550077835903,3.0
390.0,23.037271240611137,22.520742186793573,49.54508729628575,56954.345679012345,0.0,0.0980759939044274,0.1707959555920936,3.0
391.0,12.278688049316406,17.990119454168504,61.23844961350964,40081.15483870968,0.0,0.1757356616600022,0.1256843738988334,3.0
392.0,12.267904349412964,-53.759022644910765,13.625591613670096,45536.90521327014,0.0,0.2051634857169316,0.1444418653180847,1.0
393.0,6.251487001776695,-42.821598609288536,21.40738445520401,29837.041666666668,0.0,0.0202861630907004,-0.1236220582845191,2.0
394.0,17.040313802446637,-62.81950258527483,26.96964168548584,52237.6,0.0,0.2625049741408735,0.2279478190799054,1.0
395.0,5.826846001511913,-51.23070935610324,24.448807333822305,45399.56497175141,0.0,0.0669293899302096,0.0060089070046855,1.0
396.0,5.351490142733552,-64.58570267433343,32.79197129537893,43213.104651162794,0.0,0.238835343498481,0.0649247672475396,1.0
397.0,6.343614931230421,-37.45745570938308,35.10037642639953,31622.83116883117,0.0,0.1872832276956674,0.0724310075963911,2.0
398.0,3.258028593328264,-19.152408175998264,36.549320733105695,30706.01851851852,0.0,0.1576215210260573,0.049479707443032,2.0
399.0,10.968664841992515,-51.20612614495413,37.168119754110066,41304.4375,0.0,0.1924933335925963,0.0715392635882157,1.0
400.0,7.491741624850671,-48.477068299228705,46.01525108559618,37691.22330097087,0.0,0.2799971714102812,0.041108571079772,1.0
